--
-- PostgreSQL database dump
--

-- Dumped from database version 17.3
-- Dumped by pg_dump version 17.3

SET statement_timeout = 0;
SET lock_timeout = 0;
SET idle_in_transaction_session_timeout = 0;
SET transaction_timeout = 0;
SET client_encoding = 'UTF8';
SET standard_conforming_strings = on;
SELECT pg_catalog.set_config('search_path', '', false);
SET check_function_bodies = false;
SET xmloption = content;
SET client_min_messages = warning;
SET row_security = off;

--
-- Name: user_role; Type: TYPE; Schema: public; Owner: inventorybd
--

CREATE TYPE public.user_role AS ENUM (
    'Администратор',
    'Поставщик',
    'Клиент'
);


ALTER TYPE public.user_role OWNER TO inventorybd;

SET default_tablespace = '';

SET default_table_access_method = heap;

--
-- Name: customers; Type: TABLE; Schema: public; Owner: inventorybd
--

CREATE TABLE public.customers (
    customer_id integer NOT NULL,
    email character varying(255),
    phone character varying(20),
    address character varying(255),
    user_id integer,
    first_name character varying(255) NOT NULL,
    last_name character varying(255) NOT NULL
);


ALTER TABLE public.customers OWNER TO inventorybd;

--
-- Name: customers_customer_id_seq; Type: SEQUENCE; Schema: public; Owner: inventorybd
--

CREATE SEQUENCE public.customers_customer_id_seq
    AS integer
    START WITH 1
    INCREMENT BY 1
    NO MINVALUE
    NO MAXVALUE
    CACHE 1;


ALTER SEQUENCE public.customers_customer_id_seq OWNER TO inventorybd;

--
-- Name: customers_customer_id_seq; Type: SEQUENCE OWNED BY; Schema: public; Owner: inventorybd
--

ALTER SEQUENCE public.customers_customer_id_seq OWNED BY public.customers.customer_id;


--
-- Name: events; Type: TABLE; Schema: public; Owner: inventorybd
--

CREATE TABLE public.events (
    event_id integer NOT NULL,
    event_type character varying(50),
    product_id integer,
    quantity integer,
    event_date timestamp without time zone DEFAULT CURRENT_TIMESTAMP,
    supplier_id integer
);


ALTER TABLE public.events OWNER TO inventorybd;

--
-- Name: events_event_id_seq; Type: SEQUENCE; Schema: public; Owner: inventorybd
--

CREATE SEQUENCE public.events_event_id_seq
    AS integer
    START WITH 1
    INCREMENT BY 1
    NO MINVALUE
    NO MAXVALUE
    CACHE 1;


ALTER SEQUENCE public.events_event_id_seq OWNER TO inventorybd;

--
-- Name: events_event_id_seq; Type: SEQUENCE OWNED BY; Schema: public; Owner: inventorybd
--

ALTER SEQUENCE public.events_event_id_seq OWNED BY public.events.event_id;


--
-- Name: favorites; Type: TABLE; Schema: public; Owner: inventorybd
--

CREATE TABLE public.favorites (
    favorite_id integer NOT NULL,
    customer_id integer,
    product_id integer,
    added_date timestamp without time zone DEFAULT CURRENT_TIMESTAMP
);


ALTER TABLE public.favorites OWNER TO inventorybd;

--
-- Name: favorites_favorite_id_seq; Type: SEQUENCE; Schema: public; Owner: inventorybd
--

CREATE SEQUENCE public.favorites_favorite_id_seq
    AS integer
    START WITH 1
    INCREMENT BY 1
    NO MINVALUE
    NO MAXVALUE
    CACHE 1;


ALTER SEQUENCE public.favorites_favorite_id_seq OWNER TO inventorybd;

--
-- Name: favorites_favorite_id_seq; Type: SEQUENCE OWNED BY; Schema: public; Owner: inventorybd
--

ALTER SEQUENCE public.favorites_favorite_id_seq OWNED BY public.favorites.favorite_id;


--
-- Name: inventory; Type: TABLE; Schema: public; Owner: inventorybd
--

CREATE TABLE public.inventory (
    inventory_id integer NOT NULL,
    product_id integer,
    quantity_in_stock integer,
    last_updated timestamp without time zone DEFAULT CURRENT_TIMESTAMP
);


ALTER TABLE public.inventory OWNER TO inventorybd;

--
-- Name: inventory_inventory_id_seq; Type: SEQUENCE; Schema: public; Owner: inventorybd
--

CREATE SEQUENCE public.inventory_inventory_id_seq
    AS integer
    START WITH 1
    INCREMENT BY 1
    NO MINVALUE
    NO MAXVALUE
    CACHE 1;


ALTER SEQUENCE public.inventory_inventory_id_seq OWNER TO inventorybd;

--
-- Name: inventory_inventory_id_seq; Type: SEQUENCE OWNED BY; Schema: public; Owner: inventorybd
--

ALTER SEQUENCE public.inventory_inventory_id_seq OWNED BY public.inventory.inventory_id;


--
-- Name: products; Type: TABLE; Schema: public; Owner: inventorybd
--

CREATE TABLE public.products (
    product_id integer NOT NULL,
    product_name character varying(255),
    product_type character varying(255),
    color character varying(50),
    size character varying(50),
    price numeric(10,2),
    supplier_id integer
);


ALTER TABLE public.products OWNER TO inventorybd;

--
-- Name: products_product_id_seq; Type: SEQUENCE; Schema: public; Owner: inventorybd
--

CREATE SEQUENCE public.products_product_id_seq
    AS integer
    START WITH 1
    INCREMENT BY 1
    NO MINVALUE
    NO MAXVALUE
    CACHE 1;


ALTER SEQUENCE public.products_product_id_seq OWNER TO inventorybd;

--
-- Name: products_product_id_seq; Type: SEQUENCE OWNED BY; Schema: public; Owner: inventorybd
--

ALTER SEQUENCE public.products_product_id_seq OWNED BY public.products.product_id;


--
-- Name: sales; Type: TABLE; Schema: public; Owner: inventorybd
--

CREATE TABLE public.sales (
    sale_id integer NOT NULL,
    customer_id integer,
    product_id integer,
    quantity integer,
    total_price numeric(10,2),
    sale_date timestamp without time zone DEFAULT CURRENT_TIMESTAMP
);


ALTER TABLE public.sales OWNER TO inventorybd;

--
-- Name: sales_sale_id_seq; Type: SEQUENCE; Schema: public; Owner: inventorybd
--

CREATE SEQUENCE public.sales_sale_id_seq
    AS integer
    START WITH 1
    INCREMENT BY 1
    NO MINVALUE
    NO MAXVALUE
    CACHE 1;


ALTER SEQUENCE public.sales_sale_id_seq OWNER TO inventorybd;

--
-- Name: sales_sale_id_seq; Type: SEQUENCE OWNED BY; Schema: public; Owner: inventorybd
--

ALTER SEQUENCE public.sales_sale_id_seq OWNED BY public.sales.sale_id;


--
-- Name: shopping_cart; Type: TABLE; Schema: public; Owner: inventorybd
--

CREATE TABLE public.shopping_cart (
    cart_id integer NOT NULL,
    customer_id integer,
    product_id integer,
    quantity integer,
    added_date timestamp without time zone DEFAULT CURRENT_TIMESTAMP
);


ALTER TABLE public.shopping_cart OWNER TO inventorybd;

--
-- Name: shopping_cart_cart_id_seq; Type: SEQUENCE; Schema: public; Owner: inventorybd
--

CREATE SEQUENCE public.shopping_cart_cart_id_seq
    AS integer
    START WITH 1
    INCREMENT BY 1
    NO MINVALUE
    NO MAXVALUE
    CACHE 1;


ALTER SEQUENCE public.shopping_cart_cart_id_seq OWNER TO inventorybd;

--
-- Name: shopping_cart_cart_id_seq; Type: SEQUENCE OWNED BY; Schema: public; Owner: inventorybd
--

ALTER SEQUENCE public.shopping_cart_cart_id_seq OWNED BY public.shopping_cart.cart_id;


--
-- Name: suppliers; Type: TABLE; Schema: public; Owner: inventorybd
--

CREATE TABLE public.suppliers (
    supplier_id integer NOT NULL,
    phone character varying(20),
    address character varying(255),
    user_id integer,
    first_name character varying(255) NOT NULL,
    last_name character varying(255) NOT NULL
);


ALTER TABLE public.suppliers OWNER TO inventorybd;

--
-- Name: suppliers_supplier_id_seq; Type: SEQUENCE; Schema: public; Owner: inventorybd
--

CREATE SEQUENCE public.suppliers_supplier_id_seq
    AS integer
    START WITH 1
    INCREMENT BY 1
    NO MINVALUE
    NO MAXVALUE
    CACHE 1;


ALTER SEQUENCE public.suppliers_supplier_id_seq OWNER TO inventorybd;

--
-- Name: suppliers_supplier_id_seq; Type: SEQUENCE OWNED BY; Schema: public; Owner: inventorybd
--

ALTER SEQUENCE public.suppliers_supplier_id_seq OWNED BY public.suppliers.supplier_id;


--
-- Name: users; Type: TABLE; Schema: public; Owner: inventorybd
--

CREATE TABLE public.users (
    user_id integer NOT NULL,
    username character varying(255) NOT NULL,
    password_hash character varying(255) NOT NULL,
    role public.user_role NOT NULL,
    supplier_id integer,
    customer_id integer,
    created_at timestamp without time zone DEFAULT CURRENT_TIMESTAMP
);


ALTER TABLE public.users OWNER TO inventorybd;

--
-- Name: TABLE users; Type: COMMENT; Schema: public; Owner: inventorybd
--

COMMENT ON TABLE public.users IS 'Таблица для учёта пользователей и их ролей';


--
-- Name: users_user_id_seq; Type: SEQUENCE; Schema: public; Owner: inventorybd
--

CREATE SEQUENCE public.users_user_id_seq
    AS integer
    START WITH 1
    INCREMENT BY 1
    NO MINVALUE
    NO MAXVALUE
    CACHE 1;


ALTER SEQUENCE public.users_user_id_seq OWNER TO inventorybd;

--
-- Name: users_user_id_seq; Type: SEQUENCE OWNED BY; Schema: public; Owner: inventorybd
--

ALTER SEQUENCE public.users_user_id_seq OWNED BY public.users.user_id;


--
-- Name: customers customer_id; Type: DEFAULT; Schema: public; Owner: inventorybd
--

ALTER TABLE ONLY public.customers ALTER COLUMN customer_id SET DEFAULT nextval('public.customers_customer_id_seq'::regclass);


--
-- Name: events event_id; Type: DEFAULT; Schema: public; Owner: inventorybd
--

ALTER TABLE ONLY public.events ALTER COLUMN event_id SET DEFAULT nextval('public.events_event_id_seq'::regclass);


--
-- Name: favorites favorite_id; Type: DEFAULT; Schema: public; Owner: inventorybd
--

ALTER TABLE ONLY public.favorites ALTER COLUMN favorite_id SET DEFAULT nextval('public.favorites_favorite_id_seq'::regclass);


--
-- Name: inventory inventory_id; Type: DEFAULT; Schema: public; Owner: inventorybd
--

ALTER TABLE ONLY public.inventory ALTER COLUMN inventory_id SET DEFAULT nextval('public.inventory_inventory_id_seq'::regclass);


--
-- Name: products product_id; Type: DEFAULT; Schema: public; Owner: inventorybd
--

ALTER TABLE ONLY public.products ALTER COLUMN product_id SET DEFAULT nextval('public.products_product_id_seq'::regclass);


--
-- Name: sales sale_id; Type: DEFAULT; Schema: public; Owner: inventorybd
--

ALTER TABLE ONLY public.sales ALTER COLUMN sale_id SET DEFAULT nextval('public.sales_sale_id_seq'::regclass);


--
-- Name: shopping_cart cart_id; Type: DEFAULT; Schema: public; Owner: inventorybd
--

ALTER TABLE ONLY public.shopping_cart ALTER COLUMN cart_id SET DEFAULT nextval('public.shopping_cart_cart_id_seq'::regclass);


--
-- Name: suppliers supplier_id; Type: DEFAULT; Schema: public; Owner: inventorybd
--

ALTER TABLE ONLY public.suppliers ALTER COLUMN supplier_id SET DEFAULT nextval('public.suppliers_supplier_id_seq'::regclass);


--
-- Name: users user_id; Type: DEFAULT; Schema: public; Owner: inventorybd
--

ALTER TABLE ONLY public.users ALTER COLUMN user_id SET DEFAULT nextval('public.users_user_id_seq'::regclass);


--
-- Data for Name: customers; Type: TABLE DATA; Schema: public; Owner: inventorybd
--

COPY public.customers (customer_id, email, phone, address, user_id, first_name, last_name) FROM stdin;
1	hshirjaev@example.com	+7 (566) 217-45-62	с. Устюжна, наб. Иванова, д. 120 к. 7, 499274	13	Тимофей	Субботина
2	serge_73@example.org	8 (875) 820-57-17	г. Гремячинск (Бурят.), бул. Культуры, д. 9 стр. 9, 340800	14	Валентин	Большакова
3	agafonovaevgenija@example.com	+7 468 495 7300	ст. Ханты-Мансийск, бул. Набережный, д. 8 к. 761, 299714	15	Валерьян	Дмитриев
4	zikovfoka@example.org	+7 (833) 524-21-96	с. Кыштым, наб. Лесная, д. 66 к. 8, 984120	16	Селиван	Титов
5	afanasi_95@example.org	+7 (260) 789-21-15	с. Южноуральск, ул. Профсоюзная, д. 7, 382224	17	Василий	Ковалева
6	vasilisa2001@example.net	80474043567	г. Элиста, пр. Бригадный, д. 7, 884931	18	Зосима	Князева
7	skornilova@example.com	+7 (814) 055-33-00	г. Сухиничи, алл. Техническая, д. 9 к. 68, 631272	19	Раиса	Селиверстов
8	beljakovasinklitikija@example.net	+7 071 885 6044	ст. Североморск, ул. Хвойная, д. 765, 510104	20	Мариан	Артемьева
9	zaharsamsonov@example.net	8 (438) 960-57-07	д. Саратов, пр. Калинина, д. 12, 052251	21	Радован	Зиновьев
10	kostinsilanti@example.org	8 (700) 063-94-60	д. Ноябрьск, бул. Железнодорожный, д. 74 к. 91, 342807	22	Потап	Блохина
11	kovalevlongin@example.org	8 (963) 651-15-71	клх Змеиногорск, пр. Кубанский, д. 3 стр. 870, 841546	23	Макар	Овчинников
12	dfadeeva@example.com	8 141 525 2008	с. Видное, пер. Вишневый, д. 3/9 стр. 3, 030851	24	Федот	Капустин
13	zosima1971@example.org	8 (689) 789-84-07	ст. Ачхой Мартан, алл. Тукая, д. 63 стр. 6/3, 213564	25	Павел	Блохин
14	vlasovaalina@example.com	+7 (634) 670-87-99	к. Южно-Сахалинск, пер. Чехова, д. 2, 239621	26	Екатерина	Фомичева
15	evlampifedotov@example.com	+7 049 601 70 46	г. Тулун, наб. Краснопартизанская, д. 211, 589433	27	Сергей	Быкова
16	oresteliseev@example.com	8 (634) 874-31-57	к. Кузнецк, пер. Волочаевский, д. 7, 060111	28	Архип	Крылов
17	koshelevvaleri@example.net	8 544 422 7605	ст. Валдай, ш. Тракторное, д. 2 стр. 50, 434818	29	Софрон	Сорокина
18	paramon_49@example.net	8 040 606 5419	д. Озеры, ш. Победа, д. 5, 197760	30	Анатолий	Дьячков
19	sharovlongin@example.net	8 (895) 191-52-73	п. Киренск, пр. Журавлева, д. 8, 176358	31	Митофан	Горбачева
20	mironovamarija@example.com	+7 520 939 5892	д. Пушкин, пер. Волжский, д. 7 к. 802, 985799	32	Степан	Вишнякова
21	nifont07@example.org	+7 524 763 01 49	ст. Минусинск, пр. Родниковый, д. 1 к. 67, 924667	45	Карл	Сидоров
22	sorokinrodion@example.net	8 (385) 805-1630	с. Верхоянск, бул. Магистральный, д. 2/8 стр. 8/3, 131528	46	Ермил	Меркушева
23	parfen_2011@example.org	+7 108 075 8571	клх Абакан, ул. Сельская, д. 67, 549329	47	Ярослав	Исакова
24	budimir_50@example.org	8 380 790 3444	с. Тимашевск, ш. Сиреневое, д. 1/9, 677716	48	Анжелика	Якушев
25	leonid_1979@example.com	8 351 130 44 60	п. Абинск, бул. Дзержинского, д. 761 стр. 42, 937644	49	Елизавета	Сергеев
26	rogovaevgenija@example.com	+75197758087	с. Малгобек, ул. Зои Космодемьянской, д. 4/1, 790054	50	София	Миронова
27	silvestr_2005@example.com	+77609218301	п. Дудинка, пер. Сосновый, д. 1/2 стр. 4, 662000	51	Юлиан	Павлова
28	drozdovaoktjabrina@example.net	+7 488 948 0101	ст. Комсомольск-на-Амуре, пр. Щербакова, д. 121, 004365	52	Остромир	Нестеров
29	grigori_1978@example.org	8 (258) 264-65-81	с. Кимры, алл. Техническая, д. 439 стр. 69, 828835	53	Твердислав	Наумов
30	titovpavel@example.org	81983200202	г. Кизел, ул. Пограничная, д. 8 к. 7, 479336	54	Марк	Фролов
31	arseni96@example.net	+7 (175) 866-15-01	п. Находка, наб. Болотная, д. 822 к. 15, 082961	55	Анжелика	Никифорова
32	julian91@example.com	8 (516) 321-57-66	к. Кузнецк, ул. Толбухина, д. 30 стр. 3, 586264	56	Михей	Корнилова
33	ribakovmihail@example.org	+7 (739) 137-87-63	к. Асино, пер. Гафури, д. 7, 380860	57	Всеслав	Кузнецова
34	kondratevalora@example.org	+7 (241) 121-95-30	д. Вязьма, пр. Лесный, д. 5/9 стр. 8/8, 957368	58	Ростислав	Дорофеев
35	baranovavalerija@example.com	+74681674063	к. Аргаяш, пр. Воронежский, д. 10, 261445	59	Максимильян	Петрова
36	kimgurev@example.net	+7 (901) 021-38-09	ст. Озеры, ул. Иркутская, д. 2 стр. 4, 114325	60	Кир	Колесникова
37	elizaranisimov@example.net	8 (026) 988-8047	с. Тавда, пер. Р.Люксембург, д. 71 стр. 9, 827578	61	Степан	Давыдова
38	chernovamaja@example.net	8 (009) 585-38-20	с. Владивосток, ул. Красногвардейская, д. 5 стр. 95, 394659	62	Фаина	Мельникова
39	margarita_1984@example.org	8 (890) 411-3210	к. Амурск, ш. Репина, д. 3, 648021	63	Елизавета	Юдин
40	boris48@example.com	8 (452) 252-93-98	с. Тобольск, ш. Болотное, д. 13 стр. 5, 070706	64	Сократ	Александров
\.


--
-- Data for Name: events; Type: TABLE DATA; Schema: public; Owner: inventorybd
--

COPY public.events (event_id, event_type, product_id, quantity, event_date, supplier_id) FROM stdin;
1	Списание	37	3	2025-03-09 17:19:05.99982	3
2	Поступление	7	10	2025-03-09 17:19:05.99982	6
3	Списание	40	20	2025-03-09 17:19:05.99982	5
4	Списание	31	2	2025-03-09 17:19:05.99982	6
5	Списание	6	8	2025-03-09 17:19:05.99982	1
6	Продажа	11	7	2025-03-09 17:19:05.99982	10
7	Поступление	38	11	2025-03-09 17:19:05.99982	7
8	Списание	41	1	2025-03-09 17:19:05.99982	5
9	Продажа	10	4	2025-03-09 17:19:05.99982	4
10	Списание	2	11	2025-03-09 17:19:05.99982	4
11	Поступление	46	7	2025-03-09 17:19:05.99982	7
12	Продажа	43	11	2025-03-09 17:19:05.99982	3
13	Списание	48	19	2025-03-09 17:19:05.99982	5
14	Поступление	38	18	2025-03-09 17:19:05.99982	7
15	Поступление	28	4	2025-03-09 17:19:05.99982	8
16	Продажа	11	3	2025-03-09 17:19:05.99982	6
17	Поступление	49	20	2025-03-09 17:19:05.99982	10
18	Продажа	42	1	2025-03-09 17:19:05.99982	9
19	Списание	32	10	2025-03-09 17:19:05.99982	3
20	Продажа	19	4	2025-03-09 17:19:05.99982	7
21	Списание	44	9	2025-03-09 17:19:05.99982	8
22	Списание	41	5	2025-03-09 17:19:05.99982	10
23	Продажа	23	14	2025-03-09 17:19:05.99982	9
24	Списание	46	10	2025-03-09 17:19:05.99982	2
25	Поступление	26	5	2025-03-09 17:19:05.99982	5
26	Продажа	41	6	2025-03-09 17:19:05.99982	9
27	Продажа	28	4	2025-03-09 17:19:05.99982	10
28	Списание	39	9	2025-03-09 17:19:05.99982	8
29	Поступление	22	14	2025-03-09 17:19:05.99982	7
30	Списание	6	15	2025-03-09 17:19:05.99982	1
31	Списание	37	12	2025-03-09 17:19:05.99982	7
32	Поступление	49	19	2025-03-09 17:19:05.99982	9
33	Списание	2	11	2025-03-09 17:19:05.99982	4
34	Поступление	24	2	2025-03-09 17:19:05.99982	10
35	Продажа	16	14	2025-03-09 17:19:05.99982	1
36	Списание	24	8	2025-03-09 17:19:05.99982	2
37	Продажа	49	17	2025-03-09 17:19:05.99982	1
38	Поступление	31	11	2025-03-09 17:19:05.99982	9
39	Продажа	7	7	2025-03-09 17:19:05.99982	1
40	Поступление	49	7	2025-03-09 17:19:05.99982	1
41	Поступление	13	9	2025-03-09 17:19:05.99982	9
42	Списание	25	1	2025-03-09 17:19:05.99982	6
43	Поступление	2	3	2025-03-09 17:19:05.99982	9
44	Продажа	16	19	2025-03-09 17:19:05.99982	2
45	Списание	40	1	2025-03-09 17:19:05.99982	5
46	Списание	23	9	2025-03-09 17:19:05.99982	4
47	Поступление	18	13	2025-03-09 17:19:05.99982	3
48	Списание	39	17	2025-03-09 17:19:05.99982	7
49	Продажа	28	11	2025-03-09 17:19:05.99982	7
50	Поступление	5	19	2025-03-09 17:19:05.99982	2
51	Списание	6	6	2025-03-09 17:19:05.99982	2
52	Поступление	24	9	2025-03-09 17:19:05.99982	2
53	Продажа	9	20	2025-03-09 17:19:05.99982	4
54	Списание	27	4	2025-03-09 17:19:05.99982	6
55	Списание	10	2	2025-03-09 17:19:05.99982	5
56	Поступление	29	11	2025-03-09 17:19:05.99982	2
57	Поступление	25	1	2025-03-09 17:19:05.99982	1
58	Продажа	3	13	2025-03-09 17:19:05.99982	3
59	Поступление	44	8	2025-03-09 17:19:05.99982	1
60	Поступление	47	18	2025-03-09 17:19:05.99982	3
61	Списание	33	17	2025-03-09 17:19:05.99982	4
62	Списание	4	19	2025-03-09 17:19:05.99982	2
63	Списание	44	5	2025-03-09 17:19:05.99982	4
64	Списание	33	3	2025-03-09 17:19:05.99982	9
65	Поступление	21	1	2025-03-09 17:19:05.99982	2
66	Продажа	30	6	2025-03-09 17:19:05.99982	5
67	Продажа	47	20	2025-03-09 17:19:05.99982	4
68	Продажа	43	16	2025-03-09 17:19:05.99982	2
69	Поступление	12	11	2025-03-09 17:19:05.99982	6
70	Списание	45	13	2025-03-09 17:19:05.99982	5
71	Продажа	42	9	2025-03-09 17:19:05.99982	4
72	Списание	3	20	2025-03-09 17:19:05.99982	7
73	Поступление	25	9	2025-03-09 17:19:05.99982	5
74	Продажа	10	7	2025-03-09 17:19:05.99982	3
75	Продажа	24	12	2025-03-09 17:19:05.99982	5
76	Продажа	3	16	2025-03-09 17:19:05.99982	10
77	Поступление	28	10	2025-03-09 17:19:05.99982	3
78	Списание	14	18	2025-03-09 17:19:05.99982	8
79	Поступление	36	3	2025-03-09 17:19:05.99982	10
80	Списание	23	8	2025-03-09 17:19:05.99982	10
81	Поступление	37	6	2025-03-09 17:19:05.99982	4
82	Продажа	9	5	2025-03-09 17:19:05.99982	9
83	Поступление	34	10	2025-03-09 17:19:05.99982	9
84	Поступление	30	9	2025-03-09 17:19:05.99982	7
85	Списание	4	6	2025-03-09 17:19:05.99982	6
86	Списание	16	16	2025-03-09 17:19:05.99982	5
87	Поступление	44	16	2025-03-09 17:19:05.99982	7
88	Поступление	26	19	2025-03-09 17:19:05.99982	3
89	Продажа	29	11	2025-03-09 17:19:05.99982	4
90	Поступление	34	14	2025-03-09 17:19:05.99982	5
91	Поступление	24	19	2025-03-09 17:19:05.99982	7
92	Продажа	35	8	2025-03-09 17:19:05.99982	4
93	Продажа	21	7	2025-03-09 17:19:05.99982	1
94	Списание	28	3	2025-03-09 17:19:05.99982	7
95	Списание	27	15	2025-03-09 17:19:05.99982	8
96	Продажа	38	19	2025-03-09 17:19:05.99982	8
97	Поступление	45	6	2025-03-09 17:19:05.99982	8
98	Поступление	39	17	2025-03-09 17:19:05.99982	3
99	Списание	26	9	2025-03-09 17:19:05.99982	2
100	Поступление	4	8	2025-03-09 17:19:05.99982	2
101	Списание	90	3	2025-03-09 17:19:15.446059	18
102	Списание	81	14	2025-03-09 17:19:15.446059	13
103	Списание	78	15	2025-03-09 17:19:15.446059	12
104	Списание	65	17	2025-03-09 17:19:15.446059	16
105	Списание	94	10	2025-03-09 17:19:15.446059	15
106	Списание	91	10	2025-03-09 17:19:15.446059	18
107	Списание	83	17	2025-03-09 17:19:15.446059	11
108	Продажа	65	1	2025-03-09 17:19:15.446059	16
109	Поступление	71	20	2025-03-09 17:19:15.446059	13
110	Продажа	100	19	2025-03-09 17:19:15.446059	18
111	Списание	71	7	2025-03-09 17:19:15.446059	18
112	Поступление	75	9	2025-03-09 17:19:15.446059	16
113	Списание	56	11	2025-03-09 17:19:15.446059	12
114	Поступление	91	4	2025-03-09 17:19:15.446059	20
115	Продажа	67	12	2025-03-09 17:19:15.446059	20
116	Списание	55	18	2025-03-09 17:19:15.446059	17
117	Продажа	97	15	2025-03-09 17:19:15.446059	16
118	Поступление	57	11	2025-03-09 17:19:15.446059	13
119	Поступление	73	14	2025-03-09 17:19:15.446059	16
120	Списание	99	7	2025-03-09 17:19:15.446059	12
121	Поступление	77	18	2025-03-09 17:19:15.446059	11
122	Продажа	74	2	2025-03-09 17:19:15.446059	12
123	Поступление	87	1	2025-03-09 17:19:15.446059	18
124	Поступление	65	13	2025-03-09 17:19:15.446059	12
125	Списание	88	20	2025-03-09 17:19:15.446059	14
126	Списание	68	5	2025-03-09 17:19:15.446059	18
127	Списание	94	2	2025-03-09 17:19:15.446059	15
128	Списание	82	8	2025-03-09 17:19:15.446059	15
129	Продажа	95	4	2025-03-09 17:19:15.446059	20
130	Списание	97	11	2025-03-09 17:19:15.446059	18
131	Продажа	82	4	2025-03-09 17:19:15.446059	14
132	Поступление	91	20	2025-03-09 17:19:15.446059	16
133	Продажа	92	20	2025-03-09 17:19:15.446059	13
134	Поступление	57	11	2025-03-09 17:19:15.446059	19
135	Списание	86	18	2025-03-09 17:19:15.446059	17
136	Списание	76	9	2025-03-09 17:19:15.446059	15
137	Поступление	73	3	2025-03-09 17:19:15.446059	18
138	Поступление	73	2	2025-03-09 17:19:15.446059	20
139	Поступление	61	10	2025-03-09 17:19:15.446059	20
140	Списание	84	17	2025-03-09 17:19:15.446059	13
141	Продажа	54	13	2025-03-09 17:19:15.446059	16
142	Продажа	51	13	2025-03-09 17:19:15.446059	18
143	Списание	65	15	2025-03-09 17:19:15.446059	20
144	Поступление	74	6	2025-03-09 17:19:15.446059	20
145	Списание	54	8	2025-03-09 17:19:15.446059	14
146	Поступление	65	12	2025-03-09 17:19:15.446059	13
147	Поступление	54	7	2025-03-09 17:19:15.446059	16
148	Поступление	55	3	2025-03-09 17:19:15.446059	20
149	Поступление	71	11	2025-03-09 17:19:15.446059	12
150	Поступление	90	19	2025-03-09 17:19:15.446059	19
151	Продажа	56	20	2025-03-09 17:19:15.446059	18
152	Продажа	63	4	2025-03-09 17:19:15.446059	13
153	Поступление	58	2	2025-03-09 17:19:15.446059	16
154	Поступление	68	7	2025-03-09 17:19:15.446059	13
155	Поступление	84	11	2025-03-09 17:19:15.446059	20
156	Списание	80	14	2025-03-09 17:19:15.446059	20
157	Списание	96	8	2025-03-09 17:19:15.446059	12
158	Продажа	94	10	2025-03-09 17:19:15.446059	13
159	Продажа	68	15	2025-03-09 17:19:15.446059	13
160	Поступление	94	13	2025-03-09 17:19:15.446059	16
161	Продажа	96	11	2025-03-09 17:19:15.446059	14
162	Списание	85	3	2025-03-09 17:19:15.446059	17
163	Списание	75	8	2025-03-09 17:19:15.446059	14
164	Списание	80	3	2025-03-09 17:19:15.446059	11
165	Продажа	68	4	2025-03-09 17:19:15.446059	17
166	Списание	76	18	2025-03-09 17:19:15.446059	12
167	Списание	93	4	2025-03-09 17:19:15.446059	17
168	Поступление	70	2	2025-03-09 17:19:15.446059	11
169	Списание	77	6	2025-03-09 17:19:15.446059	17
170	Продажа	78	15	2025-03-09 17:19:15.446059	14
171	Продажа	81	5	2025-03-09 17:19:15.446059	16
172	Поступление	51	1	2025-03-09 17:19:15.446059	15
173	Списание	54	11	2025-03-09 17:19:15.446059	19
174	Списание	87	15	2025-03-09 17:19:15.446059	19
175	Поступление	100	15	2025-03-09 17:19:15.446059	11
176	Поступление	74	2	2025-03-09 17:19:15.446059	18
177	Поступление	64	7	2025-03-09 17:19:15.446059	14
178	Поступление	81	20	2025-03-09 17:19:15.446059	20
179	Списание	83	6	2025-03-09 17:19:15.446059	15
180	Продажа	78	3	2025-03-09 17:19:15.446059	17
181	Списание	65	15	2025-03-09 17:19:15.446059	18
182	Списание	73	16	2025-03-09 17:19:15.446059	11
183	Поступление	98	15	2025-03-09 17:19:15.446059	12
184	Поступление	86	14	2025-03-09 17:19:15.446059	14
185	Поступление	55	4	2025-03-09 17:19:15.446059	13
186	Списание	60	1	2025-03-09 17:19:15.446059	15
187	Списание	76	14	2025-03-09 17:19:15.446059	12
188	Поступление	56	6	2025-03-09 17:19:15.446059	14
189	Продажа	90	15	2025-03-09 17:19:15.446059	18
190	Поступление	54	20	2025-03-09 17:19:15.446059	16
191	Поступление	68	17	2025-03-09 17:19:15.446059	20
192	Продажа	90	18	2025-03-09 17:19:15.446059	17
193	Списание	93	17	2025-03-09 17:19:15.446059	19
194	Продажа	85	12	2025-03-09 17:19:15.446059	16
195	Списание	63	6	2025-03-09 17:19:15.446059	19
196	Продажа	59	1	2025-03-09 17:19:15.446059	15
197	Списание	51	19	2025-03-09 17:19:15.446059	12
198	Продажа	85	15	2025-03-09 17:19:15.446059	14
199	Продажа	73	1	2025-03-09 17:19:15.446059	20
200	Продажа	69	19	2025-03-09 17:19:15.446059	12
\.


--
-- Data for Name: favorites; Type: TABLE DATA; Schema: public; Owner: inventorybd
--

COPY public.favorites (favorite_id, customer_id, product_id, added_date) FROM stdin;
1	10	20	2025-03-09 17:19:06.017418
2	6	41	2025-03-09 17:19:06.017418
3	1	15	2025-03-09 17:19:06.017418
4	1	5	2025-03-09 17:19:06.017418
5	13	29	2025-03-09 17:19:06.017418
6	20	2	2025-03-09 17:19:06.017418
7	3	10	2025-03-09 17:19:06.017418
8	12	31	2025-03-09 17:19:06.017418
9	10	49	2025-03-09 17:19:06.017418
10	3	5	2025-03-09 17:19:06.017418
11	19	6	2025-03-09 17:19:06.017418
12	19	48	2025-03-09 17:19:06.017418
13	8	48	2025-03-09 17:19:06.017418
14	12	24	2025-03-09 17:19:06.017418
15	1	47	2025-03-09 17:19:06.017418
16	13	33	2025-03-09 17:19:06.017418
17	1	13	2025-03-09 17:19:06.017418
18	16	47	2025-03-09 17:19:06.017418
19	13	28	2025-03-09 17:19:06.017418
20	2	37	2025-03-09 17:19:06.017418
21	20	5	2025-03-09 17:19:06.017418
22	13	31	2025-03-09 17:19:06.017418
23	8	45	2025-03-09 17:19:06.017418
24	13	20	2025-03-09 17:19:06.017418
25	16	15	2025-03-09 17:19:06.017418
26	16	40	2025-03-09 17:19:06.017418
27	8	44	2025-03-09 17:19:06.017418
28	5	29	2025-03-09 17:19:06.017418
29	19	39	2025-03-09 17:19:06.017418
30	11	35	2025-03-09 17:19:06.017418
31	31	82	2025-03-09 17:19:15.463468
32	25	54	2025-03-09 17:19:15.463468
33	36	97	2025-03-09 17:19:15.463468
34	22	80	2025-03-09 17:19:15.463468
35	36	98	2025-03-09 17:19:15.463468
36	29	97	2025-03-09 17:19:15.463468
37	27	100	2025-03-09 17:19:15.463468
38	26	62	2025-03-09 17:19:15.463468
39	39	81	2025-03-09 17:19:15.463468
40	40	82	2025-03-09 17:19:15.463468
41	22	63	2025-03-09 17:19:15.463468
42	33	97	2025-03-09 17:19:15.463468
43	29	69	2025-03-09 17:19:15.463468
44	27	98	2025-03-09 17:19:15.463468
45	38	57	2025-03-09 17:19:15.463468
46	23	72	2025-03-09 17:19:15.463468
47	37	80	2025-03-09 17:19:15.463468
48	38	92	2025-03-09 17:19:15.463468
49	39	78	2025-03-09 17:19:15.463468
50	25	70	2025-03-09 17:19:15.463468
51	35	91	2025-03-09 17:19:15.463468
52	30	72	2025-03-09 17:19:15.463468
53	31	71	2025-03-09 17:19:15.463468
54	28	86	2025-03-09 17:19:15.463468
55	24	61	2025-03-09 17:19:15.463468
56	25	56	2025-03-09 17:19:15.463468
57	25	81	2025-03-09 17:19:15.463468
58	31	65	2025-03-09 17:19:15.463468
59	24	100	2025-03-09 17:19:15.463468
60	23	88	2025-03-09 17:19:15.463468
\.


--
-- Data for Name: inventory; Type: TABLE DATA; Schema: public; Owner: inventorybd
--

COPY public.inventory (inventory_id, product_id, quantity_in_stock, last_updated) FROM stdin;
1	1	68	2025-03-09 17:19:05.991268
2	2	50	2025-03-09 17:19:05.991268
3	3	99	2025-03-09 17:19:05.991268
4	4	62	2025-03-09 17:19:05.991268
5	5	74	2025-03-09 17:19:05.991268
6	6	74	2025-03-09 17:19:05.991268
7	7	50	2025-03-09 17:19:05.991268
8	8	91	2025-03-09 17:19:05.991268
9	9	28	2025-03-09 17:19:05.991268
10	10	49	2025-03-09 17:19:05.991268
11	11	94	2025-03-09 17:19:05.991268
12	12	83	2025-03-09 17:19:05.991268
13	13	38	2025-03-09 17:19:05.991268
14	14	13	2025-03-09 17:19:05.991268
15	15	36	2025-03-09 17:19:05.991268
16	16	71	2025-03-09 17:19:05.991268
17	17	45	2025-03-09 17:19:05.991268
18	18	26	2025-03-09 17:19:05.991268
19	19	98	2025-03-09 17:19:05.991268
20	20	62	2025-03-09 17:19:05.991268
21	21	45	2025-03-09 17:19:05.991268
22	22	28	2025-03-09 17:19:05.991268
23	23	76	2025-03-09 17:19:05.991268
24	24	33	2025-03-09 17:19:05.991268
25	25	21	2025-03-09 17:19:05.991268
26	26	96	2025-03-09 17:19:05.991268
27	27	72	2025-03-09 17:19:05.991268
28	28	84	2025-03-09 17:19:05.991268
29	29	76	2025-03-09 17:19:05.991268
30	30	32	2025-03-09 17:19:05.991268
31	31	59	2025-03-09 17:19:05.991268
32	32	48	2025-03-09 17:19:05.991268
33	33	27	2025-03-09 17:19:05.991268
34	34	34	2025-03-09 17:19:05.991268
35	35	29	2025-03-09 17:19:05.991268
36	36	97	2025-03-09 17:19:05.991268
37	37	68	2025-03-09 17:19:05.991268
38	38	87	2025-03-09 17:19:05.991268
39	39	12	2025-03-09 17:19:05.991268
40	40	69	2025-03-09 17:19:05.991268
41	41	87	2025-03-09 17:19:05.991268
42	42	19	2025-03-09 17:19:05.991268
43	43	49	2025-03-09 17:19:05.991268
44	44	37	2025-03-09 17:19:05.991268
45	45	58	2025-03-09 17:19:05.991268
46	46	94	2025-03-09 17:19:05.991268
47	47	42	2025-03-09 17:19:05.991268
48	48	34	2025-03-09 17:19:05.991268
49	49	2	2025-03-09 17:19:05.991268
50	50	51	2025-03-09 17:19:05.991268
51	51	13	2025-03-09 17:19:15.438397
52	52	15	2025-03-09 17:19:15.438397
53	53	30	2025-03-09 17:19:15.438397
54	54	63	2025-03-09 17:19:15.438397
55	55	87	2025-03-09 17:19:15.438397
56	56	30	2025-03-09 17:19:15.438397
57	57	1	2025-03-09 17:19:15.438397
58	58	90	2025-03-09 17:19:15.438397
59	59	46	2025-03-09 17:19:15.438397
60	60	43	2025-03-09 17:19:15.438397
61	61	64	2025-03-09 17:19:15.438397
62	62	85	2025-03-09 17:19:15.438397
63	63	81	2025-03-09 17:19:15.438397
64	64	54	2025-03-09 17:19:15.438397
65	65	6	2025-03-09 17:19:15.438397
66	66	28	2025-03-09 17:19:15.438397
67	67	75	2025-03-09 17:19:15.438397
68	68	78	2025-03-09 17:19:15.438397
69	69	20	2025-03-09 17:19:15.438397
70	70	2	2025-03-09 17:19:15.438397
71	71	31	2025-03-09 17:19:15.438397
72	72	0	2025-03-09 17:19:15.438397
73	73	81	2025-03-09 17:19:15.438397
74	74	75	2025-03-09 17:19:15.438397
75	75	80	2025-03-09 17:19:15.438397
76	76	79	2025-03-09 17:19:15.438397
77	77	70	2025-03-09 17:19:15.438397
78	78	22	2025-03-09 17:19:15.438397
79	79	61	2025-03-09 17:19:15.438397
80	80	8	2025-03-09 17:19:15.438397
81	81	67	2025-03-09 17:19:15.438397
82	82	39	2025-03-09 17:19:15.438397
83	83	59	2025-03-09 17:19:15.438397
84	84	40	2025-03-09 17:19:15.438397
85	85	23	2025-03-09 17:19:15.438397
86	86	83	2025-03-09 17:19:15.438397
87	87	7	2025-03-09 17:19:15.438397
88	88	38	2025-03-09 17:19:15.438397
89	89	76	2025-03-09 17:19:15.438397
90	90	50	2025-03-09 17:19:15.438397
91	91	64	2025-03-09 17:19:15.438397
92	92	11	2025-03-09 17:19:15.438397
93	93	20	2025-03-09 17:19:15.438397
94	94	45	2025-03-09 17:19:15.438397
95	95	26	2025-03-09 17:19:15.438397
96	96	44	2025-03-09 17:19:15.438397
97	97	35	2025-03-09 17:19:15.438397
98	98	35	2025-03-09 17:19:15.438397
99	99	5	2025-03-09 17:19:15.438397
100	100	19	2025-03-09 17:19:15.438397
\.


--
-- Data for Name: products; Type: TABLE DATA; Schema: public; Owner: inventorybd
--

COPY public.products (product_id, product_name, product_type, color, size, price, supplier_id) FROM stdin;
1	Витрина Самостоятельно	Футболки	Фуксия	XL	3406.58	6
2	Валюта Угол	Рюкзаки	Золотой	S	2736.61	6
3	Школьный Вариант	Футболки	Золотой	M	3784.62	7
4	Устройство Багровый	Рюкзаки	Аквамарин	L	1481.48	3
5	Пересечь Ведь	Спортивная обувь	Шоколадный	L	1681.97	7
6	Эпоха Заведение	Штаны	Бежевый	M	3505.98	8
7	Мелькнуть Назначить	Спортивная обувь	Розовый	XL	4733.21	7
8	При Приятель	Футболки	Фиолетовый	S	4941.35	3
9	Командующий Полоска	Спортивная обувь	Светло-розовый	M	3544.94	9
10	Освободить Поставить	Рюкзаки	Оранжевый	XL	1919.53	6
11	Невыносимый Дорогой	Спортивная обувь	Сливовый	S	3242.75	4
12	Задрать За	Рюкзаки	Желто-зеленый	L	4502.31	4
13	Процесс Домашний	Спортивная обувь	Слоновая кость	L	4743.04	9
14	Мягкий Сынок	Рюкзаки	Синий	XL	4690.65	10
15	Терапия Пища	Футболки	Черный	L	2510.66	8
16	Тусклый Идея	Штаны	Светло-желтый	L	750.60	8
17	Следовательно Тяжелый	Куртки	Розовато-лавандовый	M	1137.99	7
18	Горький Зеленый	Спортивная обувь	Индиго	M	3922.66	8
19	Куча Ленинград	Куртки	Светло-серый	XL	4913.32	7
20	Висеть Указанный	Рюкзаки	Светло-серый	XL	703.00	9
21	Полюбить Пол	Футболки	Тусклый серый	L	3626.30	6
22	Число Сравнение	Штаны	Зеленый	S	3252.23	2
23	Академик Бригада	Рюкзаки	Бежевый	XL	2328.33	8
24	Второй Командир	Куртки	Розовато-лавандовый	L	3641.73	3
25	Смертельный Степь	Куртки	Темный хаки	XL	2903.83	5
26	Ленинград Князь	Куртки	Малиновый	XL	4875.79	7
27	Рот Остановить	Футболки	Оранжевый	S	748.66	9
28	Команда Равнодушный	Футболки	Светло-синий	XL	2671.06	4
29	Заведение Добиться	Штаны	Синий	XL	1549.03	7
30	Материя Изменение	Рюкзаки	Аквамарин	XL	1249.11	6
31	Тута Художественный	Куртки	Бежевый	M	4262.85	7
32	Страсть Радость	Штаны	Светло-голубой	M	3421.82	6
33	Затянуться Поколение	Футболки	Розовато-лавандовый	XL	2134.69	9
34	Коричневый Штаб	Рюкзаки	Бирюзовый	S	4500.31	7
35	Выразить Сверкающий	Куртки	Васильковый	L	1860.24	5
36	Торговля Правление	Спортивная обувь	Светло-желтый	XL	3744.81	4
37	Дальний Мягкий	Рюкзаки	Белый	L	3950.76	10
38	Направо Анализ	Штаны	Серебряный	L	2014.23	7
39	Обида Граница	Футболки	Оранжевый	M	990.07	2
40	Ребятишки Близко	Штаны	Красный	M	3148.41	2
41	Тюрьма Военный	Футболки	Темный хаки	L	3170.01	3
42	Низкий Дремать	Спортивная обувь	Оранжевый	XL	3980.02	10
43	Построить Жить	Штаны	Бледно-Бирюзовый	S	1477.60	5
44	Страсть Освободить	Куртки	Бежевый	L	2328.87	1
45	Интернет Банда	Спортивная обувь	Слоновая кость	M	589.37	4
46	Дьявол Июнь	Футболки	Темно-серый	S	2610.29	7
47	Банк Анализ	Рюкзаки	Фуксия	S	3268.03	10
48	Страсть Костер	Куртки	Темно-бирюзовый	L	1299.69	10
49	Степь Механический	Куртки	Аквамарин	XL	847.05	6
50	Труп Вперед	Штаны	Темно-бирюзовый	M	993.41	10
51	Более Полевой	Рюкзаки	Темный хаки	M	940.96	13
52	Степь Умолять	Штаны	Розовато-лавандовый	M	4793.18	20
53	Поймать Поезд	Куртки	Бирюзовый	S	785.38	17
54	Выбирать Заложить	Куртки	Серый	M	2283.02	11
55	Плод Означать	Куртки	Светло-синий	L	4944.35	17
56	Роса Покидать	Куртки	Ярко-розовый	M	4985.01	12
57	Господь Полоска	Футболки	Красный	XL	4162.01	13
58	Миг Висеть	Футболки	Сливовый	L	4094.61	16
59	Палата Вскакивать	Рюкзаки	Бледно-Бирюзовый	XL	3577.65	17
60	Боец Дыхание	Спортивная обувь	Оранжевый	XL	1199.93	19
61	Уточнить Горький	Рюкзаки	Темно-красный	XL	3731.02	15
62	Цель Прежний	Штаны	Бледно-зеленый	S	3436.78	20
63	Тюрьма Изображать	Футболки	Аквамарин	S	674.57	19
64	Мимо Сходить	Куртки	Коричневый	L	2993.20	12
65	Пища Палец	Куртки	Античный Белый	XL	985.25	12
66	Скрытый Заплакать	Штаны	Темно-голубой	XL	2682.20	19
67	Табак Обида	Рюкзаки	Сливовый	S	820.38	13
68	Металл Космос	Рюкзаки	Темно-зеленый	M	3601.50	14
69	Функция Неправда	Рюкзаки	Черный	M	515.83	11
70	Развитый Обида	Куртки	Розовый	L	1401.41	15
71	Да Команда	Штаны	Оранжевый	L	629.39	14
72	Подробность Зарплата	Спортивная обувь	Пурпурный	S	4051.04	11
73	Назначить Плод	Штаны	Оранжевый	XL	1415.82	12
74	Манера Помолчать	Куртки	Темно-оранжевый	M	2057.26	19
75	Салон Упор	Штаны	Бежевый	S	4866.89	17
76	Коробка Выражаться	Штаны	Античный Белый	S	3435.08	15
77	Скрытый Новый	Штаны	Античный Белый	M	3673.83	11
78	Помолчать Холодно	Куртки	Черный	XL	3553.96	17
79	Предоставить Выраженный	Куртки	Слоновая кость	XL	4801.33	19
80	Мотоцикл Район	Спортивная обувь	Хаки	XL	1739.51	12
81	Бровь Иной	Рюкзаки	Черный	L	1400.29	12
82	Исследование Кидать	Штаны	Коричневый	L	4566.87	17
83	Материя Результат	Штаны	Розовато-лавандовый	L	2678.52	13
84	Исполнять Виднеться	Спортивная обувь	Шоколадный	S	1772.66	17
85	Наступать Стакан	Штаны	Темный хаки	L	2818.12	12
86	Даль Смертельный	Рюкзаки	Пурпурный	L	1965.77	12
87	Слишком Цепочка	Рюкзаки	Тусклый серый	L	1682.69	12
88	Бабочка Недостаток	Рюкзаки	Лазурный	M	3748.27	19
89	Изучить Лететь	Футболки	Темно-зеленый	M	723.90	13
90	Хлеб Решение	Рюкзаки	Желтый	L	613.17	14
91	Затянуться Привлекать	Штаны	Оранжево-красный	M	4923.80	16
92	А Правильный	Рюкзаки	Темно-зеленый	M	983.81	17
93	Бок Роса	Куртки	Темно-оранжевый	XL	1446.02	18
94	Спалить Ставить	Футболки	Светло-розовый	M	2779.09	20
95	Темнеть Провинция	Штаны	Темно-фиолетовый	XL	2264.37	20
96	Полоска Настать	Футболки	Темный хаки	M	3205.68	17
97	Запустить Дружно	Спортивная обувь	Светло-желтый	M	1606.44	17
98	Мягкий Висеть	Футболки	Серый	M	2191.83	15
99	Носок Сомнительный	Футболки	Темно-фиолетовый	XL	1214.54	12
100	Забирать Неправда	Спортивная обувь	Фуксия	S	3265.02	12
\.


--
-- Data for Name: sales; Type: TABLE DATA; Schema: public; Owner: inventorybd
--

COPY public.sales (sale_id, customer_id, product_id, quantity, total_price, sale_date) FROM stdin;
1	20	10	4	7678.12	2025-03-09 17:19:06.031758
2	12	31	3	12788.55	2025-03-09 17:19:06.031758
3	11	38	3	6042.69	2025-03-09 17:19:06.031758
4	6	42	4	15920.08	2025-03-09 17:19:06.031758
5	2	48	2	2599.38	2025-03-09 17:19:06.031758
6	2	28	2	5342.12	2025-03-09 17:19:06.031758
7	1	32	5	17109.10	2025-03-09 17:19:06.031758
8	12	10	3	5758.59	2025-03-09 17:19:06.031758
9	10	39	5	4950.35	2025-03-09 17:19:06.031758
10	12	1	1	3406.58	2025-03-09 17:19:06.031758
11	12	31	4	17051.40	2025-03-09 17:19:06.031758
12	18	1	2	6813.16	2025-03-09 17:19:06.031758
13	19	49	3	2541.15	2025-03-09 17:19:06.031758
14	17	14	1	4690.65	2025-03-09 17:19:06.031758
15	15	9	2	7089.88	2025-03-09 17:19:06.031758
16	10	39	3	2970.21	2025-03-09 17:19:06.031758
17	9	45	5	2946.85	2025-03-09 17:19:06.031758
18	19	22	4	13008.92	2025-03-09 17:19:06.031758
19	1	28	4	10684.24	2025-03-09 17:19:06.031758
20	10	2	1	2736.61	2025-03-09 17:19:06.031758
21	16	16	1	750.60	2025-03-09 17:19:06.031758
22	18	6	4	14023.92	2025-03-09 17:19:06.031758
23	14	31	4	17051.40	2025-03-09 17:19:06.031758
24	10	2	1	2736.61	2025-03-09 17:19:06.031758
25	20	41	1	3170.01	2025-03-09 17:19:06.031758
26	9	24	4	14566.92	2025-03-09 17:19:06.031758
27	4	10	4	7678.12	2025-03-09 17:19:06.031758
28	8	4	5	7407.40	2025-03-09 17:19:06.031758
29	8	11	3	9728.25	2025-03-09 17:19:06.031758
30	11	31	2	8525.70	2025-03-09 17:19:06.031758
31	2	11	2	6485.50	2025-03-09 17:19:06.031758
32	11	21	4	14505.20	2025-03-09 17:19:06.031758
33	11	30	3	3747.33	2025-03-09 17:19:06.031758
34	14	39	5	4950.35	2025-03-09 17:19:06.031758
35	6	44	3	6986.61	2025-03-09 17:19:06.031758
36	4	8	4	19765.40	2025-03-09 17:19:06.031758
37	9	25	1	2903.83	2025-03-09 17:19:06.031758
38	5	25	3	8711.49	2025-03-09 17:19:06.031758
39	8	4	3	4444.44	2025-03-09 17:19:06.031758
40	7	49	3	2541.15	2025-03-09 17:19:06.031758
41	11	8	2	9882.70	2025-03-09 17:19:06.031758
42	7	47	1	3268.03	2025-03-09 17:19:06.031758
43	18	34	3	13500.93	2025-03-09 17:19:06.031758
44	1	26	1	4875.79	2025-03-09 17:19:06.031758
45	10	25	1	2903.83	2025-03-09 17:19:06.031758
46	18	6	5	17529.90	2025-03-09 17:19:06.031758
47	20	49	2	1694.10	2025-03-09 17:19:06.031758
48	13	14	3	14071.95	2025-03-09 17:19:06.031758
49	13	50	5	4967.05	2025-03-09 17:19:06.031758
50	7	45	1	589.37	2025-03-09 17:19:06.031758
51	12	21	2	7252.60	2025-03-09 17:19:06.031758
52	16	33	5	10673.45	2025-03-09 17:19:06.031758
53	17	10	3	5758.59	2025-03-09 17:19:06.031758
54	7	17	5	5689.95	2025-03-09 17:19:06.031758
55	16	13	5	23715.20	2025-03-09 17:19:06.031758
56	6	49	2	1694.10	2025-03-09 17:19:06.031758
57	12	48	1	1299.69	2025-03-09 17:19:06.031758
58	6	8	5	24706.75	2025-03-09 17:19:06.031758
59	7	48	1	1299.69	2025-03-09 17:19:06.031758
60	3	28	4	10684.24	2025-03-09 17:19:06.031758
61	13	34	2	9000.62	2025-03-09 17:19:06.031758
62	14	35	2	3720.48	2025-03-09 17:19:06.031758
63	18	46	2	5220.58	2025-03-09 17:19:06.031758
64	1	23	3	6984.99	2025-03-09 17:19:06.031758
65	13	35	5	9301.20	2025-03-09 17:19:06.031758
66	11	14	2	9381.30	2025-03-09 17:19:06.031758
67	5	36	4	14979.24	2025-03-09 17:19:06.031758
68	1	23	2	4656.66	2025-03-09 17:19:06.031758
69	13	15	1	2510.66	2025-03-09 17:19:06.031758
70	12	42	5	19900.10	2025-03-09 17:19:06.031758
71	1	11	2	6485.50	2025-03-09 17:19:06.031758
72	6	9	4	14179.76	2025-03-09 17:19:06.031758
73	14	34	2	9000.62	2025-03-09 17:19:06.031758
74	18	40	2	6296.82	2025-03-09 17:19:06.031758
75	5	9	5	17724.70	2025-03-09 17:19:06.031758
76	2	38	4	8056.92	2025-03-09 17:19:06.031758
77	1	21	1	3626.30	2025-03-09 17:19:06.031758
78	20	39	5	4950.35	2025-03-09 17:19:06.031758
79	15	42	2	7960.04	2025-03-09 17:19:06.031758
80	7	23	2	4656.66	2025-03-09 17:19:06.031758
81	2	43	4	5910.40	2025-03-09 17:19:06.031758
82	11	34	3	13500.93	2025-03-09 17:19:06.031758
83	13	12	2	9004.62	2025-03-09 17:19:06.031758
84	19	18	1	3922.66	2025-03-09 17:19:06.031758
85	19	41	2	6340.02	2025-03-09 17:19:06.031758
86	12	8	2	9882.70	2025-03-09 17:19:06.031758
87	10	1	3	10219.74	2025-03-09 17:19:06.031758
88	17	1	2	6813.16	2025-03-09 17:19:06.031758
89	13	25	2	5807.66	2025-03-09 17:19:06.031758
90	12	47	1	3268.03	2025-03-09 17:19:06.031758
91	19	44	5	11644.35	2025-03-09 17:19:06.031758
92	12	1	5	17032.90	2025-03-09 17:19:06.031758
93	8	22	1	3252.23	2025-03-09 17:19:06.031758
94	15	46	3	7830.87	2025-03-09 17:19:06.031758
95	3	23	5	11641.65	2025-03-09 17:19:06.031758
96	3	2	5	13683.05	2025-03-09 17:19:06.031758
97	16	31	3	12788.55	2025-03-09 17:19:06.031758
98	14	36	1	3744.81	2025-03-09 17:19:06.031758
99	16	24	5	18208.65	2025-03-09 17:19:06.031758
100	16	48	5	6498.45	2025-03-09 17:19:06.031758
101	32	51	2	1881.92	2025-03-09 17:19:15.476219
102	22	62	3	10310.34	2025-03-09 17:19:15.476219
103	27	62	4	13747.12	2025-03-09 17:19:15.476219
104	22	81	3	4200.87	2025-03-09 17:19:15.476219
105	38	85	2	5636.24	2025-03-09 17:19:15.476219
106	28	74	2	4114.52	2025-03-09 17:19:15.476219
107	29	99	1	1214.54	2025-03-09 17:19:15.476219
108	29	71	1	629.39	2025-03-09 17:19:15.476219
109	33	71	5	3146.95	2025-03-09 17:19:15.476219
110	24	93	4	5784.08	2025-03-09 17:19:15.476219
111	33	99	1	1214.54	2025-03-09 17:19:15.476219
112	25	59	4	14310.60	2025-03-09 17:19:15.476219
113	25	100	5	16325.10	2025-03-09 17:19:15.476219
114	26	97	3	4819.32	2025-03-09 17:19:15.476219
115	30	70	5	7007.05	2025-03-09 17:19:15.476219
116	25	84	2	3545.32	2025-03-09 17:19:15.476219
117	38	95	5	11321.85	2025-03-09 17:19:15.476219
118	30	87	2	3365.38	2025-03-09 17:19:15.476219
119	36	54	5	11415.10	2025-03-09 17:19:15.476219
120	36	66	2	5364.40	2025-03-09 17:19:15.476219
121	30	56	2	9970.02	2025-03-09 17:19:15.476219
122	36	88	1	3748.27	2025-03-09 17:19:15.476219
123	29	87	2	3365.38	2025-03-09 17:19:15.476219
124	23	77	1	3673.83	2025-03-09 17:19:15.476219
125	37	69	4	2063.32	2025-03-09 17:19:15.476219
126	25	86	5	9828.85	2025-03-09 17:19:15.476219
127	28	63	4	2698.28	2025-03-09 17:19:15.476219
128	38	85	4	11272.48	2025-03-09 17:19:15.476219
129	21	98	4	8767.32	2025-03-09 17:19:15.476219
130	23	74	3	6171.78	2025-03-09 17:19:15.476219
131	28	59	2	7155.30	2025-03-09 17:19:15.476219
132	26	78	2	7107.92	2025-03-09 17:19:15.476219
133	40	82	3	13700.61	2025-03-09 17:19:15.476219
134	24	57	4	16648.04	2025-03-09 17:19:15.476219
135	32	75	1	4866.89	2025-03-09 17:19:15.476219
136	39	68	2	7203.00	2025-03-09 17:19:15.476219
137	24	98	5	10959.15	2025-03-09 17:19:15.476219
138	35	57	2	8324.02	2025-03-09 17:19:15.476219
139	40	100	4	13060.08	2025-03-09 17:19:15.476219
140	27	94	5	13895.45	2025-03-09 17:19:15.476219
141	27	98	5	10959.15	2025-03-09 17:19:15.476219
142	21	90	1	613.17	2025-03-09 17:19:15.476219
143	37	95	1	2264.37	2025-03-09 17:19:15.476219
144	35	66	1	2682.20	2025-03-09 17:19:15.476219
145	38	82	2	9133.74	2025-03-09 17:19:15.476219
146	27	66	3	8046.60	2025-03-09 17:19:15.476219
147	22	65	1	985.25	2025-03-09 17:19:15.476219
148	37	60	3	3599.79	2025-03-09 17:19:15.476219
149	33	79	4	19205.32	2025-03-09 17:19:15.476219
150	21	100	1	3265.02	2025-03-09 17:19:15.476219
151	33	95	2	4528.74	2025-03-09 17:19:15.476219
152	27	55	1	4944.35	2025-03-09 17:19:15.476219
153	38	90	2	1226.34	2025-03-09 17:19:15.476219
154	34	67	1	820.38	2025-03-09 17:19:15.476219
155	24	93	2	2892.04	2025-03-09 17:19:15.476219
156	33	84	4	7090.64	2025-03-09 17:19:15.476219
157	40	98	2	4383.66	2025-03-09 17:19:15.476219
158	35	99	1	1214.54	2025-03-09 17:19:15.476219
159	27	84	1	1772.66	2025-03-09 17:19:15.476219
160	36	92	5	4919.05	2025-03-09 17:19:15.476219
161	29	83	1	2678.52	2025-03-09 17:19:15.476219
162	33	91	5	24619.00	2025-03-09 17:19:15.476219
163	31	85	4	11272.48	2025-03-09 17:19:15.476219
164	30	70	1	1401.41	2025-03-09 17:19:15.476219
165	36	94	2	5558.18	2025-03-09 17:19:15.476219
166	23	71	3	1888.17	2025-03-09 17:19:15.476219
167	37	65	4	3941.00	2025-03-09 17:19:15.476219
168	32	80	5	8697.55	2025-03-09 17:19:15.476219
169	38	97	3	4819.32	2025-03-09 17:19:15.476219
170	27	59	2	7155.30	2025-03-09 17:19:15.476219
171	33	85	3	8454.36	2025-03-09 17:19:15.476219
172	26	76	5	17175.40	2025-03-09 17:19:15.476219
173	23	72	1	4051.04	2025-03-09 17:19:15.476219
174	32	72	5	20255.20	2025-03-09 17:19:15.476219
175	22	79	2	9602.66	2025-03-09 17:19:15.476219
176	26	68	4	14406.00	2025-03-09 17:19:15.476219
177	27	61	2	7462.04	2025-03-09 17:19:15.476219
178	37	61	3	11193.06	2025-03-09 17:19:15.476219
179	28	66	1	2682.20	2025-03-09 17:19:15.476219
180	33	71	4	2517.56	2025-03-09 17:19:15.476219
181	29	85	2	5636.24	2025-03-09 17:19:15.476219
182	35	76	4	13740.32	2025-03-09 17:19:15.476219
183	38	92	3	2951.43	2025-03-09 17:19:15.476219
184	21	83	5	13392.60	2025-03-09 17:19:15.476219
185	35	71	2	1258.78	2025-03-09 17:19:15.476219
186	35	81	1	1400.29	2025-03-09 17:19:15.476219
187	34	92	5	4919.05	2025-03-09 17:19:15.476219
188	39	73	3	4247.46	2025-03-09 17:19:15.476219
189	26	67	5	4101.90	2025-03-09 17:19:15.476219
190	23	85	5	14090.60	2025-03-09 17:19:15.476219
191	27	93	3	4338.06	2025-03-09 17:19:15.476219
192	39	90	1	613.17	2025-03-09 17:19:15.476219
193	24	79	1	4801.33	2025-03-09 17:19:15.476219
194	30	99	1	1214.54	2025-03-09 17:19:15.476219
195	32	95	3	6793.11	2025-03-09 17:19:15.476219
196	34	95	5	11321.85	2025-03-09 17:19:15.476219
197	40	70	4	5605.64	2025-03-09 17:19:15.476219
198	36	71	2	1258.78	2025-03-09 17:19:15.476219
199	40	98	5	10959.15	2025-03-09 17:19:15.476219
200	34	68	1	3601.50	2025-03-09 17:19:15.476219
\.


--
-- Data for Name: shopping_cart; Type: TABLE DATA; Schema: public; Owner: inventorybd
--

COPY public.shopping_cart (cart_id, customer_id, product_id, quantity, added_date) FROM stdin;
1	5	7	2	2025-03-09 17:19:06.023707
2	2	24	2	2025-03-09 17:19:06.023707
3	8	43	1	2025-03-09 17:19:06.023707
4	17	35	1	2025-03-09 17:19:06.023707
5	16	21	2	2025-03-09 17:19:06.023707
6	6	21	3	2025-03-09 17:19:06.023707
7	10	23	2	2025-03-09 17:19:06.023707
8	6	20	3	2025-03-09 17:19:06.023707
9	14	18	3	2025-03-09 17:19:06.023707
10	4	4	1	2025-03-09 17:19:06.023707
11	20	49	3	2025-03-09 17:19:06.023707
12	1	35	3	2025-03-09 17:19:06.023707
13	6	37	2	2025-03-09 17:19:06.023707
14	4	36	1	2025-03-09 17:19:06.023707
15	16	14	3	2025-03-09 17:19:06.023707
16	12	36	1	2025-03-09 17:19:06.023707
17	14	36	2	2025-03-09 17:19:06.023707
18	9	23	2	2025-03-09 17:19:06.023707
19	16	6	1	2025-03-09 17:19:06.023707
20	6	42	1	2025-03-09 17:19:06.023707
21	12	15	3	2025-03-09 17:19:06.023707
22	1	36	1	2025-03-09 17:19:06.023707
23	7	44	3	2025-03-09 17:19:06.023707
24	19	28	2	2025-03-09 17:19:06.023707
25	14	33	2	2025-03-09 17:19:06.023707
26	6	49	2	2025-03-09 17:19:06.023707
27	11	8	1	2025-03-09 17:19:06.023707
28	3	28	2	2025-03-09 17:19:06.023707
29	2	35	3	2025-03-09 17:19:06.023707
30	20	41	3	2025-03-09 17:19:06.023707
31	1	31	3	2025-03-09 17:19:06.023707
32	12	44	1	2025-03-09 17:19:06.023707
33	6	37	2	2025-03-09 17:19:06.023707
34	6	16	2	2025-03-09 17:19:06.023707
35	15	44	1	2025-03-09 17:19:06.023707
36	5	32	3	2025-03-09 17:19:06.023707
37	12	38	1	2025-03-09 17:19:06.023707
38	1	17	3	2025-03-09 17:19:06.023707
39	18	24	1	2025-03-09 17:19:06.023707
40	12	30	2	2025-03-09 17:19:06.023707
41	39	76	3	2025-03-09 17:19:15.468954
42	23	60	2	2025-03-09 17:19:15.468954
43	35	61	3	2025-03-09 17:19:15.468954
44	21	98	3	2025-03-09 17:19:15.468954
45	25	92	1	2025-03-09 17:19:15.468954
46	33	94	2	2025-03-09 17:19:15.468954
47	25	71	3	2025-03-09 17:19:15.468954
48	32	82	2	2025-03-09 17:19:15.468954
49	21	67	1	2025-03-09 17:19:15.468954
50	27	71	3	2025-03-09 17:19:15.468954
51	28	95	2	2025-03-09 17:19:15.468954
52	33	60	3	2025-03-09 17:19:15.468954
53	34	55	2	2025-03-09 17:19:15.468954
54	33	53	1	2025-03-09 17:19:15.468954
55	35	56	3	2025-03-09 17:19:15.468954
56	30	77	1	2025-03-09 17:19:15.468954
57	32	60	1	2025-03-09 17:19:15.468954
58	30	59	2	2025-03-09 17:19:15.468954
59	38	72	3	2025-03-09 17:19:15.468954
60	21	95	2	2025-03-09 17:19:15.468954
61	38	85	2	2025-03-09 17:19:15.468954
62	31	77	3	2025-03-09 17:19:15.468954
63	34	83	2	2025-03-09 17:19:15.468954
64	30	60	1	2025-03-09 17:19:15.468954
65	22	87	3	2025-03-09 17:19:15.468954
66	37	84	3	2025-03-09 17:19:15.468954
67	25	86	3	2025-03-09 17:19:15.468954
68	35	57	1	2025-03-09 17:19:15.468954
69	34	67	3	2025-03-09 17:19:15.468954
70	27	65	1	2025-03-09 17:19:15.468954
71	27	66	1	2025-03-09 17:19:15.468954
72	33	65	3	2025-03-09 17:19:15.468954
73	39	62	1	2025-03-09 17:19:15.468954
74	27	67	3	2025-03-09 17:19:15.468954
75	25	69	2	2025-03-09 17:19:15.468954
76	35	81	3	2025-03-09 17:19:15.468954
77	21	96	2	2025-03-09 17:19:15.468954
78	23	62	1	2025-03-09 17:19:15.468954
79	24	79	3	2025-03-09 17:19:15.468954
80	26	58	2	2025-03-09 17:19:15.468954
\.


--
-- Data for Name: suppliers; Type: TABLE DATA; Schema: public; Owner: inventorybd
--

COPY public.suppliers (supplier_id, phone, address, user_id, first_name, last_name) FROM stdin;
1	+7 388 030 75 27	к. Лянтор, пр. Песочный, д. 2/8 к. 5, 183750	3	Владлен	Фомичев
2	83703643022	к. Крымск, бул. Ульяновский, д. 657 к. 460, 091673	4	Федор	Данилова
3	8 (468) 251-9343	клх Гдов, пр. Ворошилова, д. 528 к. 20, 824465	5	Мефодий	Тарасов
4	+7 500 150 43 99	д. Лысьва, алл. Ульяновская, д. 752, 036333	6	Изяслав	Архипов
5	+7 (255) 253-4833	клх Звенигород, ул. Ленская, д. 9/8 стр. 6/2, 398665	7	Денис	Алексеев
6	8 (056) 775-89-90	п. Кисловодск, ш. 60 лет СССР, д. 1/2 к. 223, 476537	8	Аггей	Шилов
7	8 (905) 031-02-80	ст. Усть-Джегута, бул. Пролетарский, д. 37, 442942	9	Панфил	Брагина
8	+7 673 156 74 91	с. Вытегра, ш. Энергетиков, д. 55 к. 1/7, 964342	10	Платон	Куликова
9	8 222 589 3896	к. Североуральск, пр. Выгонный, д. 486 стр. 374, 995591	11	Кузьма	Кириллов
10	+7 (613) 607-45-49	клх Печора, алл. Чкалова, д. 944 стр. 6, 740334	12	Яков	Новиков
11	89049703968	д. Костомукша, бул. Новосельский, д. 9 стр. 745, 541723	35	Мечислав	Прохоров
12	+7 (282) 851-8901	п. Гремячинск (Бурят.), пер. Орджоникидзе, д. 72 стр. 415, 234571	36	Филипп	Нестеров
13	8 (585) 106-33-27	с. Батайск, пер. Хуторской, д. 423 стр. 6/3, 887412	37	Селиван	Ширяева
14	+7 (920) 416-8880	г. Горячий Ключ, ул. Беляева, д. 488 к. 42, 880776	38	Николай	Егорова
15	88365651105	к. Новочеркасск, ул. Коллективная, д. 8/9 стр. 8, 074691	39	Януарий	Власов
16	+78593114691	д. Буйнакск, наб. Новостройка, д. 2 стр. 6, 286507	40	Модест	Блинов
17	81321210632	д. Листвянка (Иркут.), пр. Энгельса, д. 7/4, 459712	41	Елена	Фомичева
18	8 631 423 09 17	клх Кинешма, ш. Дружбы, д. 6/9 к. 1/2, 885566	42	Валерьян	Третьяков
19	84020777772	клх Кулунда, ул. Техническая, д. 6/1 к. 5, 865535	43	Измаил	Селезнева
20	8 509 899 39 06	г. Зарайск, пр. Олега Кошевого, д. 1 к. 53, 948343	44	Михаил	Борисова
\.


--
-- Data for Name: users; Type: TABLE DATA; Schema: public; Owner: inventorybd
--

COPY public.users (user_id, username, password_hash, role, supplier_id, customer_id, created_at) FROM stdin;
1	anisimovtaras	(&6yeYPW%p	Администратор	\N	\N	2025-03-09 17:19:05.954366
2	budimir77	xp2mXg^)_(	Администратор	\N	\N	2025-03-09 17:19:05.954366
4	pahom21	Hc$2TkgArC	Поставщик	2	\N	2025-03-09 17:19:05.954366
5	vladilenkulakov	#8xZqUdS+6	Поставщик	3	\N	2025-03-09 17:19:05.954366
6	sofon28	+70O!)uuFe	Поставщик	4	\N	2025-03-09 17:19:05.954366
7	cheslav_49	!#7c&IYoDN	Поставщик	5	\N	2025-03-09 17:19:05.954366
8	eduard_1995	YXEn3Lx4_t	Поставщик	6	\N	2025-03-09 17:19:05.954366
9	afanasevzosima	(17p_gu4SK	Поставщик	7	\N	2025-03-09 17:19:05.954366
10	dementevaanzhela	kP31Vu$b%9	Поставщик	8	\N	2025-03-09 17:19:05.954366
11	milovan_1972	AyEZkeiQ$2	Поставщик	9	\N	2025-03-09 17:19:05.954366
12	sigizmundgorbunov	^jQVewmJP1	Поставщик	10	\N	2025-03-09 17:19:05.954366
13	harlampi1976	okQ3v%qk(2	Клиент	\N	1	2025-03-09 17:19:05.954366
14	bogdanovlev	&2O0Oal!wa	Клиент	\N	2	2025-03-09 17:19:05.954366
15	suhanovalukija	!8SGCSvUBv	Клиент	\N	3	2025-03-09 17:19:05.954366
16	markovruslan	$7DERuTEOb	Клиент	\N	4	2025-03-09 17:19:05.954366
17	ljubov1988	)1$M0FJgEr	Клиент	\N	5	2025-03-09 17:19:05.954366
18	lavr20	c#h8%HDo*T	Клиент	\N	6	2025-03-09 17:19:05.954366
19	georgi_00	P47kbVzq^r	Клиент	\N	7	2025-03-09 17:19:05.954366
20	litkinkallistrat	$e0&XEhJ+N	Клиент	\N	8	2025-03-09 17:19:05.954366
21	danila08	tNl6Zwo6**	Клиент	\N	9	2025-03-09 17:19:05.954366
22	ermola16	XaB*6_Ns0*	Клиент	\N	10	2025-03-09 17:19:05.954366
23	obelozerova	r$88R$AihE	Клиент	\N	11	2025-03-09 17:19:05.954366
24	mstislav_1972	%%fPyu_mb1	Клиент	\N	12	2025-03-09 17:19:05.954366
25	hgushchina	B1CwGidd&P	Клиент	\N	13	2025-03-09 17:19:05.954366
26	arhip2016	E4jVZ*Sp&(	Клиент	\N	14	2025-03-09 17:19:05.954366
27	nnikonov	+e4Z7kXjjT	Клиент	\N	15	2025-03-09 17:19:05.954366
28	julija45	X@1EMkDj&t	Клиент	\N	16	2025-03-09 17:19:05.954366
29	borisovpolikarp	ri7v$EBi7@	Клиент	\N	17	2025-03-09 17:19:05.954366
30	oleg43	QVre8vfg#(	Клиент	\N	18	2025-03-09 17:19:05.954366
31	mkonstantinov	@0wV)nvQL^	Клиент	\N	19	2025-03-09 17:19:05.954366
32	velimirmamontov	^^6tYoRXDH	Клиент	\N	20	2025-03-09 17:19:05.954366
33	vvolkova	C9_R3Ogk!^	Администратор	\N	\N	2025-03-09 17:19:15.4086
34	konstantin_1974	L1D97teg!!	Администратор	\N	\N	2025-03-09 17:19:15.4086
35	sofija2013	3M9vjXVh@U	Поставщик	11	\N	2025-03-09 17:19:15.4086
36	vasilisa21	U&0jz7SbO9	Поставщик	12	\N	2025-03-09 17:19:15.4086
37	borisovstepan	d^I$Xsum(8	Поставщик	13	\N	2025-03-09 17:19:15.4086
38	jdmitriev	&(7qUzajaw	Поставщик	14	\N	2025-03-09 17:19:15.4086
39	frolovfoti	A2@(QS8^#n	Поставщик	15	\N	2025-03-09 17:19:15.4086
40	yafanasev	Q^8IkNWK2h	Поставщик	16	\N	2025-03-09 17:19:15.4086
41	andreevjaroslav	@L8Omywm^&	Поставщик	17	\N	2025-03-09 17:19:15.4086
42	ermola_45	%8bs9JbaD&	Поставщик	18	\N	2025-03-09 17:19:15.4086
43	gromovaekaterina	(+1XG8hl3L	Поставщик	19	\N	2025-03-09 17:19:15.4086
44	sokrat1981	#$Rk@eA+r9	Поставщик	20	\N	2025-03-09 17:19:15.4086
45	oksana93	)9DU@WeJJK	Клиент	\N	21	2025-03-09 17:19:15.4086
46	nina30	A)M%4R9cG1	Клиент	\N	22	2025-03-09 17:19:15.4086
47	rodion_2008	w1&8A!s%LK	Клиент	\N	23	2025-03-09 17:19:15.4086
48	evseevoleg	^JztE73dg4	Клиент	\N	24	2025-03-09 17:19:15.4086
49	jakushevaksenija	(mX4Ndm5#&	Клиент	\N	25	2025-03-09 17:19:15.4086
50	ignati_27	QPNeb*b2%8	Клиент	\N	26	2025-03-09 17:19:15.4086
51	voronovmilan	Io_5Tve5c3	Клиент	\N	27	2025-03-09 17:19:15.4086
52	aleksandra_18	(_yE08hw4Z	Клиент	\N	28	2025-03-09 17:19:15.4086
53	kirblinov	(OaSm#^%x1	Клиент	\N	29	2025-03-09 17:19:15.4086
54	epifanartemev	+6B+Hpfv4t	Клиент	\N	30	2025-03-09 17:19:15.4086
55	ggordeev	(G6V^iOdJ6	Клиент	\N	31	2025-03-09 17:19:15.4086
56	csharapov	(xf46UOhc9	Клиент	\N	32	2025-03-09 17:19:15.4086
57	narkis39	Pa_7_Cc2VI	Клиент	\N	33	2025-03-09 17:19:15.4086
58	vitali_2014	j8zJWyrG*k	Клиент	\N	34	2025-03-09 17:19:15.4086
59	hariton83	+02Zwo!o1e	Клиент	\N	35	2025-03-09 17:19:15.4086
60	hohlovvarfolome	HCM^8XJya$	Клиент	\N	36	2025-03-09 17:19:15.4086
61	gorbunovaevgenija	(zj)APxx5^	Клиент	\N	37	2025-03-09 17:19:15.4086
62	tamara_1979	a+7IRGYv8l	Клиент	\N	38	2025-03-09 17:19:15.4086
63	veniamin_61	o2oYmU0T&t	Клиент	\N	39	2025-03-09 17:19:15.4086
64	nesterovanonna	5AxmmZqE#9	Клиент	\N	40	2025-03-09 17:19:15.4086
3	denis77	dbfdf56c32ac736c7194477b98d3e9a001996b1730798a1d53102e4d25cb1876	Поставщик	1	\N	2025-03-09 17:19:05.954366
\.


--
-- Name: customers_customer_id_seq; Type: SEQUENCE SET; Schema: public; Owner: inventorybd
--

SELECT pg_catalog.setval('public.customers_customer_id_seq', 40, true);


--
-- Name: events_event_id_seq; Type: SEQUENCE SET; Schema: public; Owner: inventorybd
--

SELECT pg_catalog.setval('public.events_event_id_seq', 200, true);


--
-- Name: favorites_favorite_id_seq; Type: SEQUENCE SET; Schema: public; Owner: inventorybd
--

SELECT pg_catalog.setval('public.favorites_favorite_id_seq', 60, true);


--
-- Name: inventory_inventory_id_seq; Type: SEQUENCE SET; Schema: public; Owner: inventorybd
--

SELECT pg_catalog.setval('public.inventory_inventory_id_seq', 100, true);


--
-- Name: products_product_id_seq; Type: SEQUENCE SET; Schema: public; Owner: inventorybd
--

SELECT pg_catalog.setval('public.products_product_id_seq', 100, true);


--
-- Name: sales_sale_id_seq; Type: SEQUENCE SET; Schema: public; Owner: inventorybd
--

SELECT pg_catalog.setval('public.sales_sale_id_seq', 200, true);


--
-- Name: shopping_cart_cart_id_seq; Type: SEQUENCE SET; Schema: public; Owner: inventorybd
--

SELECT pg_catalog.setval('public.shopping_cart_cart_id_seq', 80, true);


--
-- Name: suppliers_supplier_id_seq; Type: SEQUENCE SET; Schema: public; Owner: inventorybd
--

SELECT pg_catalog.setval('public.suppliers_supplier_id_seq', 20, true);


--
-- Name: users_user_id_seq; Type: SEQUENCE SET; Schema: public; Owner: inventorybd
--

SELECT pg_catalog.setval('public.users_user_id_seq', 64, true);


--
-- Name: customers customers_pkey; Type: CONSTRAINT; Schema: public; Owner: inventorybd
--

ALTER TABLE ONLY public.customers
    ADD CONSTRAINT customers_pkey PRIMARY KEY (customer_id);


--
-- Name: events events_pkey; Type: CONSTRAINT; Schema: public; Owner: inventorybd
--

ALTER TABLE ONLY public.events
    ADD CONSTRAINT events_pkey PRIMARY KEY (event_id);


--
-- Name: favorites favorites_pkey; Type: CONSTRAINT; Schema: public; Owner: inventorybd
--

ALTER TABLE ONLY public.favorites
    ADD CONSTRAINT favorites_pkey PRIMARY KEY (favorite_id);


--
-- Name: inventory inventory_pkey; Type: CONSTRAINT; Schema: public; Owner: inventorybd
--

ALTER TABLE ONLY public.inventory
    ADD CONSTRAINT inventory_pkey PRIMARY KEY (inventory_id);


--
-- Name: products products_pkey; Type: CONSTRAINT; Schema: public; Owner: inventorybd
--

ALTER TABLE ONLY public.products
    ADD CONSTRAINT products_pkey PRIMARY KEY (product_id);


--
-- Name: sales sales_pkey; Type: CONSTRAINT; Schema: public; Owner: inventorybd
--

ALTER TABLE ONLY public.sales
    ADD CONSTRAINT sales_pkey PRIMARY KEY (sale_id);


--
-- Name: shopping_cart shopping_cart_pkey; Type: CONSTRAINT; Schema: public; Owner: inventorybd
--

ALTER TABLE ONLY public.shopping_cart
    ADD CONSTRAINT shopping_cart_pkey PRIMARY KEY (cart_id);


--
-- Name: suppliers suppliers_pkey; Type: CONSTRAINT; Schema: public; Owner: inventorybd
--

ALTER TABLE ONLY public.suppliers
    ADD CONSTRAINT suppliers_pkey PRIMARY KEY (supplier_id);


--
-- Name: users users_pkey; Type: CONSTRAINT; Schema: public; Owner: inventorybd
--

ALTER TABLE ONLY public.users
    ADD CONSTRAINT users_pkey PRIMARY KEY (user_id);


--
-- Name: users users_username_key; Type: CONSTRAINT; Schema: public; Owner: inventorybd
--

ALTER TABLE ONLY public.users
    ADD CONSTRAINT users_username_key UNIQUE (username);


--
-- Name: customers customers_user_id_fkey; Type: FK CONSTRAINT; Schema: public; Owner: inventorybd
--

ALTER TABLE ONLY public.customers
    ADD CONSTRAINT customers_user_id_fkey FOREIGN KEY (user_id) REFERENCES public.users(user_id) ON DELETE SET NULL;


--
-- Name: events events_product_id_fkey; Type: FK CONSTRAINT; Schema: public; Owner: inventorybd
--

ALTER TABLE ONLY public.events
    ADD CONSTRAINT events_product_id_fkey FOREIGN KEY (product_id) REFERENCES public.products(product_id);


--
-- Name: events events_supplier_id_fkey; Type: FK CONSTRAINT; Schema: public; Owner: inventorybd
--

ALTER TABLE ONLY public.events
    ADD CONSTRAINT events_supplier_id_fkey FOREIGN KEY (supplier_id) REFERENCES public.suppliers(supplier_id);


--
-- Name: favorites favorites_customer_id_fkey; Type: FK CONSTRAINT; Schema: public; Owner: inventorybd
--

ALTER TABLE ONLY public.favorites
    ADD CONSTRAINT favorites_customer_id_fkey FOREIGN KEY (customer_id) REFERENCES public.customers(customer_id);


--
-- Name: favorites favorites_product_id_fkey; Type: FK CONSTRAINT; Schema: public; Owner: inventorybd
--

ALTER TABLE ONLY public.favorites
    ADD CONSTRAINT favorites_product_id_fkey FOREIGN KEY (product_id) REFERENCES public.products(product_id);


--
-- Name: inventory inventory_product_id_fkey; Type: FK CONSTRAINT; Schema: public; Owner: inventorybd
--

ALTER TABLE ONLY public.inventory
    ADD CONSTRAINT inventory_product_id_fkey FOREIGN KEY (product_id) REFERENCES public.products(product_id);


--
-- Name: products products_supplier_id_fkey; Type: FK CONSTRAINT; Schema: public; Owner: inventorybd
--

ALTER TABLE ONLY public.products
    ADD CONSTRAINT products_supplier_id_fkey FOREIGN KEY (supplier_id) REFERENCES public.suppliers(supplier_id);


--
-- Name: sales sales_customer_id_fkey; Type: FK CONSTRAINT; Schema: public; Owner: inventorybd
--

ALTER TABLE ONLY public.sales
    ADD CONSTRAINT sales_customer_id_fkey FOREIGN KEY (customer_id) REFERENCES public.customers(customer_id);


--
-- Name: sales sales_product_id_fkey; Type: FK CONSTRAINT; Schema: public; Owner: inventorybd
--

ALTER TABLE ONLY public.sales
    ADD CONSTRAINT sales_product_id_fkey FOREIGN KEY (product_id) REFERENCES public.products(product_id);


--
-- Name: shopping_cart shopping_cart_customer_id_fkey; Type: FK CONSTRAINT; Schema: public; Owner: inventorybd
--

ALTER TABLE ONLY public.shopping_cart
    ADD CONSTRAINT shopping_cart_customer_id_fkey FOREIGN KEY (customer_id) REFERENCES public.customers(customer_id);


--
-- Name: shopping_cart shopping_cart_product_id_fkey; Type: FK CONSTRAINT; Schema: public; Owner: inventorybd
--

ALTER TABLE ONLY public.shopping_cart
    ADD CONSTRAINT shopping_cart_product_id_fkey FOREIGN KEY (product_id) REFERENCES public.products(product_id);


--
-- Name: suppliers suppliers_user_id_fkey; Type: FK CONSTRAINT; Schema: public; Owner: inventorybd
--

ALTER TABLE ONLY public.suppliers
    ADD CONSTRAINT suppliers_user_id_fkey FOREIGN KEY (user_id) REFERENCES public.users(user_id) ON DELETE SET NULL;


--
-- Name: users users_customer_id_fkey; Type: FK CONSTRAINT; Schema: public; Owner: inventorybd
--

ALTER TABLE ONLY public.users
    ADD CONSTRAINT users_customer_id_fkey FOREIGN KEY (customer_id) REFERENCES public.customers(customer_id) ON DELETE CASCADE;


--
-- Name: users users_supplier_id_fkey; Type: FK CONSTRAINT; Schema: public; Owner: inventorybd
--

ALTER TABLE ONLY public.users
    ADD CONSTRAINT users_supplier_id_fkey FOREIGN KEY (supplier_id) REFERENCES public.suppliers(supplier_id) ON DELETE CASCADE;


--
-- PostgreSQL database dump complete
--

